Nome do Município;Valor ICMS;Valor IPI;Valor IPVA;Valor Total
ABADIA DOS DOURADOS;1452690.53;17663.11;610136.37;2080490.01
ABAETE;2894859.82;35305.34;2241314.3;5171479.46
ABRE CAMPO;1192123.98;14527.5;1271073.9;2477725.38
ACAIACA;689248.36;8396.4;213703.66;911348.42
ACUCENA;1038712.97;12631.57;348132.34;1399476.88
AGUA BOA;1242132.57;15075.64;385328.64;1642536.85
AGUA COMPRIDA;1814601.67;22083.3;188612.32;2025297.29
AGUANIL;918108.19;11151.53;251831.22;1181090.94
AGUAS FORMOSAS;1402088.5;17065.7;856598.88;2275753.08
AGUAS VERMELHAS;1279745.04;15649.02;261233.12;1556627.18
AIMORES;3636531.98;44171.13;1175506.38;4856209.49
AIURUOCA;1084621.1;13191.76;568973.87;1666786.73
ALAGOA;747863.48;9129.12;237796.25;994788.85
ALBERTINA;864008.69;10431.96;241473.36;1115914.01
ALEM PARAIBA;4105206.23;49979.67;4245397.16;8400583.06
ALFENAS;12444544.52;150649.68;10859143.32;23454337.52
ALFREDO VASCONCELOS;1080803.97;13139.73;542902.89;1636846.59
ALMENARA;2747482.18;33543.52;2069769.08;4850794.78
ALPERCATA;899677.97;10963.4;271922.05;1182563.42
ALPINOPOLIS;2883007.74;35079.51;2010905.83;4928993.08
ALTEROSA;1784347.78;21725.15;1305511.08;3111584.01
ALTO CAPARAO;821650.47;9950.25;448623.79;1280224.51
ALTO JEQUITIBA;921414.25;11169.03;703610.15;1636193.43
ALTO RIO DOCE;1154651.43;14010.91;658248.96;1826911.3
ALVARENGA;646235.74;7887.71;250328.48;904451.93
ALVINOPOLIS;2029649.12;24696.53;1045882.8;3100228.45
ALVORADA DE MINAS;1731638.74;20261.77;157496.62;1909397.13
AMPARO DA SERRA;739789.68;9000.18;227323.58;976113.44
ANDRADAS;6403157.49;77966.15;5105312.73;11586436.37
ANDRELANDIA;2017600.85;24602.36;840384.23;2882587.44
ANGELANDIA;1032086.41;12541.56;284467.92;1329095.89
ANTONIO CARLOS;1252101.62;15263.61;712918.59;1980283.82
ANTONIO DIAS;3074811.77;37508.74;422995.65;3535316.16
ANTONIO PRADO DE MINAS;591470.18;7251.19;124305.56;723026.93
ARACAI;726638.86;8905.48;103899.79;839444.13
ARACITABA;534481.9;6533.13;93227.22;634242.25
ARACUAI;2332698.25;28320.86;1726913.44;4087932.55
ARAGUARI;30854936.1;374998.32;16150378.18;47380312.6
ARANTINA;667090.4;8170.48;176684.6;851945.48
ARAPONGA;1350153.31;16494.65;388749.92;1755397.88
ARAPORA;12353524.74;150765.77;458629.02;12962919.53
ARAPUA;1167248.19;14190.5;345997.64;1527436.33
ARAUJOS;1268914.66;15420.83;1005801.84;2290137.33
ARAXA;58316729.49;715357.84;16101929.96;75134017.29
ARCEBURGO;2572418.8;31348.47;884332.44;3488099.71
ARCOS;12244417.73;149253.32;5577411.99;17971083.04
AREADO;1605151.04;19534.35;1439444.21;3064129.6
ARGIRITA;716245.32;8778.14;134878.5;859901.96
ARICANDUVA;840259.54;10236;130599.33;981094.87
ARINOS;2448851.06;29979.12;645005.64;3123835.82
ASTOLFO DUTRA;1975122.37;24012.97;1156593.02;3155728.36
ATALEIA;972312.45;11782.41;395773.24;1379868.1
AUGUSTO DE LIMA;971426.61;11910.61;200770.64;1184107.86
BAEPENDI;1752520.73;21307.18;1677073.53;3450901.44
BALDIM;960808.73;11643.84;457425.89;1429878.46
BAMBUI;4388315.01;53503.66;2761179.11;7202997.78
BANDEIRA;832669.89;10185.27;117086.44;959941.6
BANDEIRA DO SUL;842072.12;10219.06;437608.92;1289900.1
BARAO DE COCAIS;5668283;69226.38;2923474.53;8660983.91
BARAO DE MONTE ALTO;676418.38;8243.67;259699.86;944361.91
BARBACENA;12637374.54;153921.83;15252419.45;28043715.82
BARRA LONGA;861845.75;10513.55;278160.95;1150520.25
BARROSO;2961243.84;36244.98;1739732.71;4737221.53
BELA VISTA DE MINAS;2461856;30000.16;776331.42;3268187.58
BELMIRO BRAGA;1038253.59;12631;181741.22;1232625.81
BELO HORIZONTE;287148314;3490671.64;631209704.4;921848690.1
BELO ORIENTE;15665193.74;192255.16;1589621.74;17447070.64
BELO VALE;5528843.92;67289.15;870501.21;6466634.28
BERILO;796867.99;9672.35;381060.17;1187600.51
BERIZAL;725705.56;8871.44;136107.39;870684.39
BERTOPOLIS;636285.1;7742.76;89190.88;733218.74
BETIM;224641746.1;2735798.08;39594266.36;266971810.5
BIAS FORTES;636354.73;7784.35;93060.39;737199.47
BICAS;1487774.81;18051.7;1560235.57;3066062.08
BIQUINHAS;701561.45;8571.29;266667.34;976800.08
BOA ESPERANCA;5802570.49;70653.47;4068079.97;9941303.93
BOCAINA DE MINAS;827301.3;10090.17;436280.17;1273671.64
BOCAIUVA;4279519.45;52104.08;3644321.57;7975945.1
BOM DESPACHO;6453305.57;78554.47;6294927.44;12826787.48
BOM JARDIM DE MINAS;1011650.41;12273.59;614611.64;1638535.64
BOM JESUS DA PENHA;1267235.21;15434.26;543179.35;1825848.82
BOM JESUS DO AMPARO;996876.64;12134.57;414444.35;1423455.56
BOM JESUS DO GALHO;1175641.34;14337.12;541321.67;1731300.13
BOM REPOUSO;1752240.47;21292.92;1564705.08;3338238.47
BOM SUCESSO;1790556.34;21645.31;1139924.43;2952126.08
BONFIM;1069760.84;12989.59;670224.73;1752975.16
BONFINOPOLIS DE MINAS;2904845.38;35360.54;391041.66;3331247.58
BONITO DE MINAS;1064499.99;12945.9;157339.85;1234785.74
BORDA DA MATA;1906710.73;23179.22;1723061.05;3652951
BOTELHOS;1915358.99;23285.94;1393429.16;3332074.09
BOTUMIRIM;904301.56;10971.54;145864.91;1061138.01
BRAS PIRES;664653.19;8133.5;298938.84;971725.53
BRASILANDIA DE MINAS;2126284.46;25906.46;952307.76;3104498.68
BRASILIA DE MINAS;2134460.5;25931.36;1452037.63;3612429.49
BRASOPOLIS;1393991.27;16938.91;1213010.61;2623940.79
BRAUNAS;1460702.33;17900.31;207104.39;1685707.03
BRUMADINHO;20663669.7;253011.3;5449112.31;26365793.31
BUENO BRANDAO;1501036.28;18291.4;1367824.03;2887151.71
BUENOPOLIS;1277173;15551.33;521255.4;1813979.73
BUGRE;532840.13;6466.23;144576.35;683882.71
BURITIS;7383952.09;89967.6;1261318.32;8735238.01
BURITIZEIRO;4563497.52;55673.08;1043676.42;5662847.02
CABECEIRA GRANDE;2759131.74;33589;158369.72;2951090.46
CABO VERDE;1875186.31;22771.74;983896.13;2881854.18
CACHOEIRA DA PRATA;611282.52;7441.5;275610.6;894334.62
CACHOEIRA DE MINAS;1997208.63;24300.63;980926.99;3002436.25
CACHOEIRA DO PAJEU;981552.2;11967.17;212062.66;1205582.03
CACHOEIRA DOURADA;3271472.52;39912.8;167526.4;3478911.72
CAETANOPOLIS;1463307.16;17885.19;770773.52;2251965.87
CAETE;4445693.13;54281.93;3489198.56;7989173.62
CAIANA;754926.95;9197.37;258240.59;1022364.91
CAJURI;918925.7;11201.67;247993.61;1178120.98
CALDAS;2043183.37;24832.47;1263696.61;3331712.45
CAMACHO;701453.01;8576.29;209461.57;919490.87
CAMANDUCAIA;3387481.88;41258.64;2560106.73;5988847.25
CAMBUI;5494223.39;66823.32;4187250.18;9748296.89
CAMBUQUIRA;1460825.59;17813.15;888386;2367024.74
CAMPANARIO;587044.2;7162.59;124186.65;718393.44
CAMPANHA;2102932.89;25605.55;1453158.39;3581696.83
CAMPESTRE;2617782.86;31904.4;2231004.57;4880691.83
CAMPINA VERDE;4244653.2;51638.39;2048468.89;6344760.48
CAMPO AZUL;620421.72;7572.17;73702.95;701696.84
CAMPO BELO;4128009.71;50225.53;5319839.79;9498075.03
CAMPO DO MEIO;1698933.79;20599.49;803700.2;2523233.48
CAMPO FLORIDO;6255534.51;76242.37;782760.78;7114537.66
CAMPOS ALTOS;3792497.8;46215.78;1270414.53;5109128.11
CAMPOS GERAIS;4054287.84;49603.83;1938405.55;6042297.22
CANA VERDE;849087.02;10294.92;328561.32;1187943.26
CANAA;1032006.92;12556.67;288497.61;1333061.2
CANAPOLIS;3341374.08;40708.45;839067.17;4221149.7
CANDEIAS;2031836.16;24766.68;1413312.94;3469915.78
CANTAGALO;643441.75;7856.01;132310.39;783608.15
CAPARAO;860138.65;10473.12;338723.31;1209335.08
CAPELA NOVA;596546.13;7239.65;276984.56;880770.34
CAPELINHA;3082102.35;37612.36;3163101.14;6282815.85
CAPETINGA;1478762.46;18069.7;461938.61;1958770.77
CAPIM BRANCO;950718.37;11565.47;669299.96;1631583.8
CAPINOPOLIS;4902346.13;59646.82;1519798.46;6481791.41
CAPITAO ANDRADE;710565.69;8625.33;269230.38;988421.4
CAPITAO ENEAS;2385674.94;29138;401532.99;2816345.93
CAPITOLIO;2179774.88;26539.03;1539043.93;3745357.84
CAPUTIRA;918351.7;11198.19;502217.47;1431767.36
CARAI;1661003.03;20281.05;323688.05;2004972.13
CARANAIBA;782795.03;9510.27;110957.08;903262.38
CARANDAI;3396454.13;41333.61;2381484.09;5819271.83
CARANGOLA;2246496.15;27305.65;2643704.95;4917506.75
CARATINGA;7772916.91;94676.47;8537225.48;16404818.86
CARBONITA;1733261.43;21075.11;669728.14;2424064.68
CAREACU;1731573.23;21135.53;554959.08;2307667.84
CARLOS CHAGAS;2509756.63;30567.96;917213.07;3457537.66
CARMESIA;717388.32;8813.4;590275.78;1316477.5
CARMO DA CACHOEIRA;2384163.45;29019.21;736384.62;3149567.28
CARMO DA MATA;1446419.11;17652.04;833838.81;2297909.96
CARMO DE MINAS;1635824.02;19943.03;808524.08;2464291.13
CARMO DO CAJURU;2581529.28;31292.86;2099369.52;4712191.66
CARMO DO PARANAIBA;5684321.98;69073.29;3899893.17;9653288.44
CARMO DO RIO CLARO;4012111.59;48816.08;1947905.09;6008832.76
CARMOPOLIS DE MINAS;2738772.07;33392.59;1797357.31;4569521.97
CARNEIRINHO;8326335.39;101433.35;945217.07;9372985.81
CARRANCAS;1020128.59;12359.55;352366.44;1384854.58
CARVALHOPOLIS;861051.9;10506.25;294369.35;1165927.5
CARVALHOS;655701.74;8013.9;312785.11;976500.75
CASA GRANDE;749300.52;9168.79;152032.85;910502.16
CASCALHO RICO;1708989.91;20873.25;188317.68;1918180.84
CASSIA;2444557.39;29846.62;2016179.73;4490583.74
CATAGUASES;6195470.45;75269.62;7191703.22;13462443.29
CATAS ALTAS;4068095.23;48491.78;503338.38;4619925.39
CATAS ALTAS DA NORUEGA;613573.46;7486.28;133967.94;755027.68
CATUJI;895529.64;10920.17;218111.85;1124561.66
CATUTI;780929.48;9568.57;162915.25;953413.3
CAXAMBU;1704563.76;20736.45;2128478.21;3853778.42
CEDRO DO ABAETE;596696.65;7294.93;61408.7;665400.28
CENTRAL DE MINAS;779401.81;9494.3;421925.33;1210821.44
CENTRALINA;2208420.29;26882.59;570300.61;2805603.49
CHACARA;705951.98;8605.78;141051.74;855609.5
CHALE;921416;11237.41;412905.4;1345558.81
CHAPADA DO NORTE;995969.19;12130.2;227636.91;1235736.3
CHAPADA GAUCHA;2861650.45;34941.67;560470.52;3457062.64
CHIADOR;1024284.22;12520.46;308206;1345010.68
CIPOTANEA;606687.8;7389.93;369972.82;984050.55
CLARAVAL;1931281.95;23615.07;341958.15;2296855.17
CLARO DOS POCOES;916339.3;11215.65;236064.72;1163619.67
CLAUDIO;4528242.49;55306.9;3870652.68;8454202.07
COIMBRA;1375561.46;16643.26;616629.48;2008834.2
COLUNA;1005330.76;12206.81;316123.02;1333660.59
COMENDADOR GOMES;2067305.04;25299.19;233902.74;2326506.97
COMERCINHO;838086.39;10192.63;180610.95;1028889.97
CONCEICAO DA APARECIDA;1891800.24;22976.25;1048808.4;2963584.89
CONCEICAO DA BARRA DE MINAS;786861.15;9547.95;226122.7;1022531.8
CONCEICAO DAS ALAGOAS;8938014.92;108278.89;2395274.02;11441567.83
CONCEICAO DAS PEDRAS;652215.41;7852.39;260133.95;920201.75
CONCEICAO DE IPANEMA;781135.91;9522.28;223669.23;1014327.42
CONCEICAO DO MATO DENTRO;6505542.73;74604.1;1454815.31;8034962.14
CONCEICAO DO PARA;2138668.71;25888.39;425495.93;2590053.03
CONCEICAO DO RIO VERDE;1723456.07;20922.22;865551.97;2609930.26
CONCEICAO DOS OUROS;1925464.35;23580.15;1001158.71;2950203.21
CONEGO MARINHO;884157.77;10811.41;121510.35;1016479.53
CONFINS;3001063.41;36478.71;964325.55;4001867.67
CONGONHAL;1415886.75;17154.37;1217181.05;2650222.17
CONGONHAS;48196511.03;589677.49;6562193.41;55348381.93
CONGONHAS DO NORTE;520319.81;6333.84;199433.84;726087.49
CONQUISTA;3705708.45;44888.77;616201.66;4366798.88
CONSELHEIRO LAFAIETE;8973310.28;108910.43;16517117.27;25599337.98
CONSELHEIRO PENA;1855053.72;22562.94;1313024.05;3190640.71
CONSOLACAO;552185.67;6754.45;83748.78;642688.9
CONTAGEM;146352482;1779056.8;72029470.74;220161009.6
COQUEIRAL;1561672.65;19038.77;661129.7;2241841.12
CORACAO DE JESUS;1728241.99;21059.72;797839.39;2547141.1
CORDISBURGO;1147981.98;13965.01;386702.95;1548649.94
CORDISLANDIA;712783.54;8675.95;165374.67;886834.16
CORINTO;2102495.77;25653.16;1481019.33;3609168.26
COROACI;1040042.27;12703.24;351143.31;1403888.82
COROMANDEL;7884460.14;96032.79;3554516.25;11535009.18
CORONEL FABRICIANO;7058468.58;85984.93;8998162.59;16142616.1
CORONEL MURTA;1069774.23;13077.51;305533.06;1388384.8
CORONEL PACHECO;640725.96;7805.03;139591.24;788122.23
CORONEL XAVIER CHAVES;857480.4;10429.98;211184.14;1079094.52
CORREGO DANTA;1047542.03;12840.64;226047.37;1286430.04
CORREGO DO BOM JESUS;627846.68;7663.25;343968.51;979478.44
CORREGO FUNDO;2231684.83;27201.05;594210.35;2853096.23
CORREGO NOVO;605131.35;7338.46;107783.31;720253.12
COUTO DE MAGALHAES DE MINAS;802570.63;9767.94;209602.77;1021941.34
CRISOLITA;937133.59;11412.39;100039.03;1048585.01
CRISTAIS;1974089.84;24077.5;991568.36;2989735.7
CRISTALIA;734038.35;8958.29;139324.79;882321.43
CRISTIANO OTONI;1015699.67;12401.16;453044.3;1481145.13
CRISTINA;1300116.85;15774.19;707893.69;2023784.73
CRUCILANDIA;817364.07;9953.41;492098.2;1319415.68
CRUZEIRO DA FORTALEZA;1612345.97;19718.53;482530.56;2114595.06
CRUZILIA;1626333.58;19816.92;1272168.77;2918319.27
CUPARAQUE;705338.72;8575.26;210591.19;924505.17
CURRAL DE DENTRO;873656.96;10656.9;259922.63;1144236.49
CURVELO;7686303.03;93488.93;8225573.85;16005365.81
DATAS;703511.9;8575.24;222233.32;934320.46
DELFIM MOREIRA;1184376.12;14401.44;487053.07;1685830.63
DELFINOPOLIS;2126364.41;25809.57;600417.83;2752591.81
DELTA;3188339.01;38395.91;853529.54;4080264.46
DESCOBERTO;916018.07;11146.52;321894.97;1249059.56
DESTERRO DE ENTRE RIOS;1263248.01;15369.77;621303.94;1899921.72
DESTERRO DO MELO;788817.96;9695.24;231581.73;1030094.93
DIAMANTINA;3431783.42;41874;4384285.27;7857942.69
DIOGO DE VASCONCELOS;667275.84;8128.71;117612.88;793017.43
DIONISIO;881476.08;10728.36;296896.22;1189100.66
DIVINESIA;950463.27;11663.16;230423.42;1192549.85
DIVINO;1576992.95;19164.51;1372521.22;2968678.68
DIVINO DAS LARANJEIRAS;602709.39;7301.73;222867.66;832878.78
DIVINOLANDIA DE MINAS;907720.18;11059.49;442215.97;1360995.64
DIVINOPOLIS;26545501.03;323567.57;29514415.62;56383484.22
DIVISA ALEGRE;1524072.56;18534.85;169726.41;1712333.82
DIVISA NOVA;1060929.83;12910.09;293737.07;1367576.99
DIVISOPOLIS;909530.3;11010.07;166857.14;1087397.51
DOM BOSCO;912114.49;11128.42;160975.73;1084218.64
DOM CAVATI;650791.24;7932.65;426531.87;1085255.76
DOM JOAQUIM;776305.93;9488.92;146184.63;931979.48
DOM SILVERIO;919618.6;11247.55;368955.1;1299821.25
DOM VICOSO;536601.36;6556.81;191402.23;734560.4
DONA EUZEBIA;889902.16;10834.37;605494.31;1506230.84
DORES DE CAMPOS;1824801.33;22173.63;919294.96;2766269.92
DORES DE GUANHAES;1500053.83;18321.92;277382.78;1795758.53
DORES DO INDAIA;1924235.95;23454.63;1368833.82;3316524.4
DORES DO TURVO;774066.2;9474.64;405959.04;1189499.88
DORESOPOLIS;834412.18;10180.36;103921.09;948513.63
DOURADOQUARA;866139.16;10546.9;138102.03;1014788.09
DURANDE;1081172.77;13172.44;485842.42;1580187.63
ELOI MENDES;3424445.47;41589.83;2248160.32;5714195.62
ENGENHEIRO CALDAS;1149039.14;13971.81;596634.97;1759645.92
ENGENHEIRO NAVARRO;932377.84;11359.81;293310.1;1237047.75
ENTRE FOLHAS;702526.83;8574.32;266272.35;977373.5
ENTRE RIOS DE MINAS;1484673.97;18110.26;1542690.15;3045474.38
ERVALIA;2400290.61;29229.74;1681167.85;4110688.2
ESMERALDAS;4990838.48;60964.41;3289854.17;8341657.06
ESPERA FELIZ;2167413.7;26312.58;1960640.07;4154366.35
ESPINOSA;1991648.47;24072.1;1258678.7;3274399.27
ESPIRITO SANTO DO DOURADO;1175499.89;14372.07;488271.36;1678143.32
ESTIVA;1640488.07;19889.36;1251959.48;2912336.91
ESTRELA DALVA;568221.77;6950.83;132601.01;707773.61
ESTRELA DO INDAIA;830704.09;10115.48;264824.6;1105644.17
ESTRELA DO SUL;3366871.7;41246.91;410756.43;3818875.04
EUGENOPOLIS;1302950.34;15912.99;839466.49;2158329.82
EWBANK DA CAMARA;643542.31;7815.37;172311.72;823669.4
EXTREMA;74795869.52;915043.52;5777739.57;81488652.61
FAMA;683864.87;8392.26;169104.82;861361.95
FARIA LEMOS;653653.58;7933.95;163900;825487.53
FELICIO DOS SANTOS;878194.26;10710.05;201839.72;1090744.03
FELISBURGO;875359.11;10685.88;256189.6;1142234.59
FELIXLANDIA;1751288.87;21317.8;827554.19;2600160.86
FERNANDES TOURINHO;617861.29;7526.96;158855.88;784244.13
FERROS;853478.95;10376.68;459088.22;1322943.85
FERVEDOURO;1258967.7;15315.49;593628.26;1867911.45
FLORESTAL;1236726.68;15014.81;756583.01;2008324.5
FORMIGA;7363188.79;89570.45;9222469.53;16675228.77
FORMOSO;2647905.33;32297.41;188313.06;2868515.8
FORTALEZA DE MINAS;753356.28;9162.87;262841.51;1025360.66
FORTUNA DE MINAS;771065.36;9425.9;197995.74;978487
FRANCISCO BADARO;798658.91;9751.54;239676.67;1048087.12
FRANCISCO DUMONT;931789.52;11374.96;186500.99;1129665.47
FRANCISCO SA;2019322.9;24636.5;1081096.52;3125055.92
FRANCISCOPOLIS;943210;11465.51;136570.19;1091245.7
FREI GASPAR;765717.17;9323.52;100123.57;875164.26
FREI INOCENCIO;1055403.54;12851.45;368293.32;1436548.31
FREI LAGONEGRO;686106.51;8379.53;94350.02;788836.06
FRONTEIRA;8687970;105048.84;1191699.19;9984718.03
FRONTEIRA DOS VALES;619512.53;7564.31;112374.54;739451.38
FRUTA DE LEITE;619566.74;7570.73;82367.6;709505.07
FRUTAL;14949227.98;181678.14;7868783.48;22999689.6
FUNILANDIA;854778.62;10518.77;216518.62;1081816.01
GALILEIA;906099.46;11038.22;308361.95;1225499.63
GAMELEIRAS;989622.94;12113.14;205743.07;1207479.15
GLAUCILANDIA;556818.79;6868.83;36430.98;600118.6
GOIABEIRA;569061.19;6887.91;178195.62;754144.72
GOIANA;759796.8;9244.27;276956.58;1045997.65
GONCALVES;869131.79;10623.16;487382.44;1367137.39
GONZAGA;1028309.44;12505.7;307857.04;1348672.18
GOUVEA;1342348.06;16374.32;674920.42;2033642.8
GOVERNADOR VALADARES;23261710.98;282959.01;26734232.96;50278902.95
GRAO MOGOL;3325555.89;40761;355382.95;3721699.84
GRUPIARA;800648.03;9795.59;108887.03;919330.65
GUANHAES;3155124.59;38447.15;3261401.97;6454973.71
GUAPE;2681715.01;32737.05;1031485.89;3745937.95
GUARACIABA;1095625.74;13367.73;444736.92;1553730.39
GUARACIAMA;653464.49;7952.6;216925.59;878342.68
GUARANESIA;2776967.21;33934.33;2022953.52;4833855.06
GUARANI;1393293.2;17042.49;589809.96;2000145.65
GUARARA;750216;9097.31;267568.35;1026881.66
GUARDA-MOR;5098032.98;62258.17;714104.35;5874395.5
GUAXUPE;7914172.7;95584.24;7854475.2;15864232.14
GUIDOVAL;1010784.32;12305.36;538069.19;1561158.87
GUIMARANIA;1924215.23;23500.43;670084.9;2617800.56
GUIRICEMA;1055317.07;12877.62;826004.15;1894198.84
GURINHATA;2172513.86;26567.94;398271.61;2597353.41
HELIODORA;1193283.97;14518.49;419431.5;1627233.96
IAPU;1060700.3;12875.5;623835.09;1697410.89
IBERTIOGA;826965.43;10039.56;274736.02;1111741.01
IBIA;8216020.65;99399.23;2428939.53;10744359.41
IBIAI;977646.39;11913.1;211527.95;1201087.44
IBIRACATU;665232.74;8111.34;110975.75;784319.83
IBIRACI;4542545.91;55343.11;1163110.77;5760999.79
IBIRITE;18004504.7;218718.59;10911672.44;29134895.73
IBITIURA DE MINAS;692903.81;8400.37;335088.98;1036393.16
IBITURUNA;632515.4;7709.86;112287.59;752512.85
ICARAI DE MINAS;866031.64;10534.81;165681.83;1042248.28
IGARAPE;6697336.94;81652.68;4202095.59;10981085.21
IGARATINGA;2328422.71;28247.18;1226978.4;3583648.29
IGUATAMA;2382339.79;29119.03;675975.2;3087434.02
IJACI;2257829.02;27299.97;818939.2;3104068.19
ILICINEA;2102123.55;25665.99;868547.58;2996337.12
IMBE DE MINAS;871574.42;10646.2;247391.31;1129611.93
INCONFIDENTES;1093417.96;13288.62;715615.9;1822322.48
INDAIABIRA;823467.71;10050.98;171173.73;1004692.42
INDIANOPOLIS;5615373.4;68376.31;555880.68;6239630.39
INGAI;885830.08;10836.97;127468.75;1024135.8
INHAPIM;2005649.95;24461.63;1865304.72;3895416.3
INHAUMA;1377594.81;16777.69;366983.58;1761356.08
INIMUTABA;996004.13;12148.68;249233.19;1257386
IPABA;1166893.4;14189.19;568843.09;1749925.68
IPANEMA;1411542.51;17110.6;1586115.38;3014768.49
IPATINGA;55250241.74;675066;31184257.42;87109565.16
IPIACU;2604815.79;31715.11;316650.33;2953181.23
IPUIUNA;1514515.17;18377.8;1234814.14;2767707.11
IRAI DE MINAS;1787886.6;21702.29;1018681.9;2828270.79
ITABIRA;51666448.61;631787.74;13634117.69;65932354.04
ITABIRINHA DE MANTENA;948443.78;11597.07;677431.48;1637472.33
ITABIRITO;36016855.17;440003.52;6916528.69;43373387.38
ITACAMBIRA;1107441.22;13498.99;39686.02;1160626.23
ITACARAMBI;1809741.29;22022.61;590593.26;2422357.16
ITAGUARA;1796816.99;21845.02;1671749.01;3490411.02
ITAIPE;1077478.01;13154.19;360542.75;1451174.95
ITAJUBA;13975735.95;169761.42;11367609.24;25513106.61
ITAMARANDIBA;3409124.47;41517.51;2387973.82;5838615.8
ITAMARATI DE MINAS;761473.36;9261.9;241433.66;1012168.92
ITAMBACURI;1840945.31;22365.85;923743.5;2787054.66
ITAMBE DO MATO DENTRO;680349.92;8275.85;106539.28;795165.05
ITAMOGI;2123946.53;25956.24;1135276.25;3285179.02
ITAMONTE;4040763.02;49348.83;1498855.37;5588967.22
ITANHANDU;2762149.7;33428.95;1794945.32;4590523.97
ITANHOMI;1042340.04;12667.11;876549.45;1931556.6
ITAOBIM;1789201.46;21826;987309.98;2798337.44
ITAPAGIPE;4769390.31;57924.27;1613308.06;6440622.64
ITAPECERICA;2954296.2;35950.67;1581115.69;4571362.56
ITAPEVA;4513820.09;55463.49;1293922.93;5863206.51
ITATIAIUCU;11787394.93;145135.15;1247124.11;13179654.19
ITAU DE MINAS;3634756.28;44098.64;1500415.28;5179270.2
ITAUNA;15896528.27;193443.47;14060158.8;30150130.54
ITAVERAVA;698429.34;8543.76;260434.48;967407.58
ITINGA;1308593.67;15949.48;324508.29;1649051.44
ITUETA;929212.04;11314.45;312355.4;1252881.89
ITUIUTABA;18396527.54;223193.41;11909728.91;30529449.86
ITUMIRIM;834758.47;10187.26;327518.15;1172463.88
ITURAMA;15836643.57;191820.56;5947254.88;21975719.01
ITUTINGA;1499376.53;18390.86;317967.59;1835734.98
JABOTICATUBAS;1941215.92;23654.05;1040136.25;3005006.22
JACINTO;1014006.9;12332.64;321369.68;1347709.22
JACUI;1514868.91;18504.84;789169.35;2322543.1
JACUTINGA;4234383.09;51591.48;3018662.54;7304637.11
JAGUARACU;907237.14;10945.86;208833.61;1127016.61
JAIBA;4270610.39;51717.65;1787122.93;6109450.97
JAMPRUCA;708264.53;8598.56;96410.47;813273.56
JANAUBA;5144887.9;62535.21;4870451.4;10077874.51
JANUARIA;4788451.34;58384.43;2794088.38;7640924.15
JAPARAIBA;1091942.63;13358.56;373485.25;1478786.44
JAPONVAR;828806.79;10122.15;268813.13;1107742.07
JECEABA;7360948.13;89279.09;372801.47;7823028.69
JENIPAPO DE MINAS;839272.79;10253.28;214816.59;1064342.66
JEQUERI;2203455.77;26808.38;804736.86;3035001.01
JEQUITAI;1143978.58;13906.3;238532.68;1396417.56
JEQUITIBA;1111235;13567.12;277195.63;1401997.75
JEQUITINHONHA;1970230.03;23985.41;639121.09;2633336.53
JESUANIA;875461.39;10662.3;310702.27;1196825.96
JOAIMA;1357887.44;16536.64;441526.59;1815950.67
JOANESIA;828291.05;10067.43;182298;1020656.48
JOAO MONLEVADE;14860518.69;180784.91;10279320.22;25320623.82
JOAO PINHEIRO;11341983.08;137974.58;4379094.17;15859051.83
JOAQUIM FELICIO;1111010.6;13661;144782.52;1269454.12
JORDANIA;811894.22;9929.55;211758.24;1033582.01
JOSE GONCALVES DE MINAS;622070.21;7636.8;216368.8;846075.81
JOSE RAYDAN;796074.27;9682.13;138375.42;944131.82
JOSENOPOLIS;667969.39;8190.62;61411.29;737571.3
JUATUBA;12414829.38;150286.11;2427120.84;14992236.33
JUIZ DE FORA;61628324.68;749584.45;77105587.1;139483496.2
JURAMENTO;672571.55;8151.58;81214.01;761937.14
JURUAIA;1806774.54;22009.88;1462180.36;3290964.78
JUVENILIA;874165.16;10655.05;94876.79;979697
LADAINHA;1291696.7;15869.72;356001.7;1663568.12
LAGAMAR;1979708.95;23670.05;581310.94;2584689.94
LAGOA DA PRATA;8988520.13;109412.68;6593024.25;15690957.06
LAGOA DOS PATOS;717040.39;8765.65;107687.74;833493.78
LAGOA DOURADA;2127886.2;25909.6;1218837.26;3372633.06
LAGOA FORMOSA;3500162.68;42597.92;2290278.68;5833039.28
LAGOA GRANDE;2491939.18;30307.27;630037.68;3152284.13
LAGOA SANTA;8645536.52;105295.77;7608698.32;16359530.61
LAJINHA;2304698.59;28165.37;1238590.66;3571454.62
LAMBARI;2149720.59;26125.26;2330942.65;4506788.5
LAMIM;621829.2;7618.92;197526.17;826974.29
LARANJAL;934591.26;11386.93;787612.54;1733590.73
LASSANCE;2202027.83;26872.26;248831.56;2477731.65
LAVRAS;10995025.64;133719.49;13858254.11;24986999.24
LEANDRO FERREIRA;666813.43;8134.64;263927.83;938875.9
LEME DO PRADO;917328;11229.08;234396.91;1162953.99
LEOPOLDINA;5024250.52;60982.13;4867895.26;9953127.91
LIBERDADE;738741;8992.33;399635.73;1147369.06
LIMA DUARTE;1723948.13;20964.99;1178452.53;2923365.65
LIMEIRA DO OESTE;4833408.13;58809.66;837112.96;5729330.75
LONTRA;1266807.58;15503.57;256979.21;1539290.36
LUISBURGO;1045558.04;12717.08;539660.09;1597935.21
LUISLANDIA;723057.86;8885.14;117337.59;849280.59
LUMINARIAS;1177491.44;14319.92;364971.42;1556782.78
LUZ;3326709.42;40402.23;2111764.12;5478875.77
MACHACALIS;885020.45;10783.2;327663.11;1223466.76
MACHADO;7150235.56;87072.38;4817338.61;12054646.55
MADRE DE DEUS DE MINAS;1438661.79;17467.7;498538.7;1954668.19
MALACACHETA;1291735.51;15723.25;850349.26;2157808.02
MAMONAS;820786.22;10013.41;342141.89;1172941.52
MANGA;1755823.42;21385.81;637975.02;2415184.25
MANHUACU;10171911.68;124050.89;9212908.23;19508870.8
MANHUMIRIM;2687131.25;32803.94;1599597.26;4319532.45
MANTENA;2013338.59;24513.29;1833107.55;3870959.43
MAR DE ESPANHA;1394182.83;16932.4;1280628.42;2691743.65
MARAVILHAS;1397142.78;17036.94;634717.69;2048897.41
MARIA DA FE;1449750.66;17621.23;1051593.7;2518965.59
MARIANA;21947442.09;264689.45;6473877.92;28686009.46
MARILAC;718701.7;8757.04;190908.35;918367.09
MARIO CAMPOS;1555978.08;18900.42;1140108.26;2714986.76
MARIPA DE MINAS;768180.59;9375.63;273233.78;1050790
MARLIERIA;1531237.87;18648.43;212270.91;1762157.21
MARMELOPOLIS;543714.55;6615.95;189382.38;739712.88
MARTINHO CAMPOS;2673650.8;32517.13;1584140.78;4290308.71
MARTINS SOARES;1316930.26;16102.9;493786.85;1826820.01
MATA VERDE;902827.99;10990.32;167301.44;1081119.75
MATERLANDIA;792541.87;9640.81;133699.25;935881.93
MATEUS LEME;4788789.88;58318.83;2350720.85;7197829.56
MATHIAS LOBATO;605893.07;7411.56;79940.33;693244.96
MATIAS BARBOSA;5157260.46;62829.2;2110403.53;7330493.19
MATIAS CARDOSO;2043443.26;24808.3;135329.82;2203581.38
MATIPO;1889898.23;23153.5;1242071.58;3155123.31
MATO VERDE;1087233.99;13296.59;702957.29;1803487.87
MATOZINHOS;6314601.66;76900.29;3612658.12;10004160.07
MATUTINA;881747.02;10715.7;527839.79;1420302.51
MEDEIROS;2102537.73;25797.99;392837.74;2521173.46
MEDINA;1409480.86;17134.8;728600.45;2155216.11
MENDES PIMENTEL;646678.18;7827.37;352908.11;1007413.66
MERCES;1114147.28;13568.36;800252.1;1927967.74
MESQUITA;734608.01;8936.4;234575.58;978119.99
MINAS NOVAS;1979508.55;24066.71;894258.55;2897833.81
MINDURI;804991.41;9774.3;270379.39;1085145.1
MIRABELA;1027036.8;12505.41;883923.22;1923465.43
MIRADOURO;1168802.91;14234.16;699176.26;1882213.33
MIRAI;1731227.58;21092.62;1132216.31;2884536.51
MIRAVANIA;621315.99;7566.69;93942.17;722824.85
MOEDA;927514.56;11261.97;479391.13;1418167.66
MOEMA;1099368.2;13351.98;949097.28;2061817.46
MONJOLOS;666988.88;8000.29;29193.61;704182.78
MONSENHOR PAULO;1612268.65;19624.83;669572.66;2301466.14
MONTALVANIA;1225132.21;14935.53;585381.36;1825449.1
MONTE ALEGRE DE MINAS;6449206.5;78510.73;1896924.78;8424642.01
MONTE AZUL;1454963.33;17770.89;1229279.34;2702013.56
MONTE BELO;2426249.91;29359.7;1586277.86;4041887.47
MONTE CARMELO;6694128.83;80992.33;6262018.41;13037139.57
MONTE FORMOSO;654436.55;7972.57;111704.48;774113.6
MONTE SANTO DE MINAS;2932983.32;35773.09;2272316.41;5241072.82
MONTE SIAO;2575667.45;31104.92;3057583.07;5664355.44
MONTES CLAROS;38661323;470286.97;39297799.04;78429409.01
MONTEZUMA;973674.89;11914.22;179146.37;1164735.48
MORADA NOVA DE MINAS;2559433.57;31374.13;702151.26;3292958.96
MORRO DA GARCA;944181.79;11526.63;89678.29;1045386.71
MORRO DO PILAR;645770.51;7908.32;116078.95;769757.78
MUNHOZ;1077378.21;13110.75;791295.82;1881784.78
MURIAE;8704576.05;106116.81;10944208.49;19754901.35
MUTUM;2937330.34;35895.52;1546067.48;4519293.34
MUZAMBINHO;2361457.26;28610.14;2952361.46;5342428.86
NACIP RAYDAN;500228.52;6135.89;82760.18;589124.59
NANUQUE;3327621.88;40593.85;2061351.1;5429566.83
NAQUE;761821.08;9273.73;284628.12;1055722.93
NATALANDIA;1166263.73;14326.92;140183.4;1320774.05
NATERCIA;912110.17;11089.2;430624.87;1353824.24
NAZARENO;2516029.37;30856.35;693152.64;3240038.36
NEPOMUCENO;3090119.3;37648.37;2103795.74;5231563.41
NINHEIRA;981186.19;11983.65;236060.98;1229230.82
NOVA BELEM;669178.76;8196.9;111560.16;788935.82
NOVA ERA;3147587.52;38589.9;1629812.98;4815990.4
NOVA LIMA;48164444.85;586618.05;20251603.45;69002666.35
NOVA MODICA;612111.86;7464.51;136248.65;755825.02
NOVA PONTE;6180950.76;74521.76;1595598.65;7851071.17
NOVA PORTEIRINHA;1083146.46;13157.85;217485.11;1313789.42
NOVA RESENDE;2659833.66;32348.47;2406495.79;5098677.92
NOVA SERRANA;12862352.96;156136.12;8325628.4;21344117.48
NOVA UNIAO;996973.27;12084.66;431552.89;1440610.82
NOVO CRUZEIRO;2098568.87;25643.65;1010540.92;3134753.44
NOVO ORIENTE DE MINAS;1052959.2;12798.79;255383.47;1321141.46
NOVORIZONTE;798516.36;9733.01;134248.14;942497.51
OLARIA;644644.19;7911.74;108229.23;760785.16
OLHOS D' AGUA;1451720.64;17655.14;292237.74;1761613.52
OLIMPIO NORONHA;621192.3;7551.62;123811.57;752555.49
OLIVEIRA;4589877.84;55799.67;4083807.88;8729485.39
OLIVEIRA FORTES;521446.28;6355.61;102587.62;630389.51
ONCA DO PITANGUI;973665.94;11895.66;111455.97;1097017.57
ORATORIOS;1023159.05;12466.75;252603.8;1288229.6
ORIZANIA;1014014.04;12380.4;385881.32;1412275.76
OURO BRANCO;13747396.39;168455.89;4811498.81;18727351.09
OURO FINO;4152489.16;50620.59;3743399.82;7946509.57
OURO PRETO;39824254.48;488700.64;7642533.58;47955488.7
OURO VERDE DE MINAS;604697.25;7385.82;179976.4;792059.47
PADRE CARVALHO;870739.6;10671.37;102144.9;983555.87
PADRE PARAISO;1260723.75;15238.88;862216.85;2138179.48
PAI PEDRO;938743.12;11487.06;103702.86;1053933.04
PAINEIRAS;799392.82;9734.44;418813.69;1227940.95
PAINS;4261328.3;51917.87;964422.03;5277668.2
PAIVA;568416.3;6961.84;74965.66;650343.8
PALMA;790117.61;9647.3;463020.83;1262785.74
PALMOPOLIS;718714.47;8756.63;187688.43;915159.53
PAPAGAIOS;2209158.29;26924.73;1412521.1;3648604.12
PARA DE MINAS;15636717.9;190353.28;12850148.48;28677219.66
PARACATU;38534511.31;471692.76;8987236.07;47993440.14
PARAGUACU;3220789.82;39127.33;2182223.52;5442140.67
PARAISOPOLIS;3117716.18;37812.75;2018156.19;5173685.12
PARAOPEBA;2932648.78;35669.38;2207740.64;5176058.8
PASSA QUATRO;2131541.07;25911.66;1787705.27;3945158
PASSA TEMPO;2045424.87;25021.66;745404.67;2815851.2
PASSA VINTE;633102.65;7730.18;339128.27;979961.1
PASSABEM;491303.98;5963.15;88986.06;586253.19
PASSOS;13478854.89;164159.29;14321625.68;27964639.86
PATIS;690329.09;8446.29;174247.46;873022.84
PATOS DE MINAS;25899092.47;315187.27;28031648.64;54245928.38
PATROCINIO;20843229.54;254187.38;12883291.24;33980708.16
PATROCINIO DO MURIAE;884443.48;10811.87;421267.04;1316522.39
PAULA CANDIDO;1106054.31;13437.28;443434.86;1562926.45
PAULISTAS;827787.21;10088.96;194390.02;1032266.19
PAVAO;804039.57;9770.78;260120.99;1073931.34
PECANHA;1632243.71;19845.69;790098.21;2442187.61
PEDRA AZUL;2167775.69;26431.1;876234.83;3070441.62
PEDRA BONITA;903079.73;11033.23;507235.31;1421348.27
PEDRA DO ANTA;601704.44;7340.06;206676.32;815720.82
PEDRA DO INDAIA;1153227.01;14086.96;400342.8;1567656.77
PEDRA DOURADA;941041.52;11501.7;109034.75;1061577.97
PEDRALVA;1336204.76;16227.78;948052.96;2300485.5
PEDRAS DE MARIA DA CRUZ;1097792.04;13367.7;196393.76;1307553.5
PEDRINOPOLIS;1570122.72;19063.85;339756.62;1928943.19
PEDRO LEOPOLDO;9773937.35;119620.71;6528966.84;16422524.9
PEDRO TEIXEIRA;548625.48;6735.32;101744.48;657105.28
PEQUERI;696885.93;8457.66;276550.55;981894.14
PEQUI;832046.71;10097.82;297267.54;1139412.07
PERDIGAO;1681752.98;20440.9;976404.97;2678598.85
PERDIZES;9510583.37;116330.23;1702615.29;11329528.89
PERDOES;3314209.71;40391.43;2598710.74;5953311.88
PERIQUITO;938209.26;11457.96;211059.88;1160727.1
PESCADOR;600731.65;7347.56;129412.8;737492.01
PIAU;709320.96;8677.62;251914.15;969912.73
PIEDADE DE CARATINGA;1033203.65;12600.11;556038.06;1601841.82
PIEDADE DE PONTE NOVA;994576.88;12179.43;211148.35;1217904.66
PIEDADE DO RIO GRANDE;896928.78;10868.7;259866.92;1167664.4
PIEDADE DOS GERAIS;1101216.35;13385.91;405450.12;1520052.38
PIMENTA;1825915.75;22191.52;1003242.96;2851350.23
PINGO D' AGUA;639552.29;7822.06;134200.15;781574.5
PINTOPOLIS;838829.35;10219.93;115475.39;964524.67
PIRACEMA;1460018.25;17889.18;538281.35;2016188.78
PIRAJUBA;3366778.54;40726.73;695531.01;4103036.28
PIRANGA;1706910.7;20762.35;885597.56;2613270.61
PIRANGUCU;952231.38;11632.17;362841.62;1326705.17
PIRANGUINHO;1125595.31;13716.76;852337.33;1991649.4
PIRAPETINGA;2605424.14;31698.44;1122590.75;3759713.33
PIRAPORA;9836541.01;120573.2;4110490.81;14067605.02
PIRAUBA;1252078.89;15222.49;806878.48;2074179.86
PITANGUI;3235973.18;39492.86;3112165.78;6387631.82
PIUMHI;6038170.92;73360.29;4770863.93;10882395.14
PLANURA;4402081.33;53294.8;960344.73;5415720.86
POCO FUNDO;2039846.42;24864.89;2056568.93;4121280.24
POCOS DE CALDAS;34516056.62;419285.29;27770177.02;62705518.93
POCRANE;924351.88;11300.08;457849.23;1393501.19
POMPEU;5646716.26;68800.31;2489411.8;8204928.37
PONTE NOVA;8458009.88;102787.08;6202416;14763212.96
PONTO CHIQUE;682895.46;8325.71;83713.93;774935.1
PONTO DOS VOLANTES;1079029.91;13068.3;269955.57;1362053.78
PORTEIRINHA;2406070.09;29112.07;2264675.84;4699858
PORTO FIRME;800298.19;9744.03;446728.74;1256770.96
POTE;1095734.05;13371.74;536069.97;1645175.76
POUSO ALEGRE;64879441.68;790476.63;23737656.68;89407574.99
POUSO ALTO;1961617.88;23699.28;455892.48;2441209.64
PRADOS;1676918.2;20392.35;666427;2363737.55
PRATA;7984510.1;97345.11;2877460.7;10959315.91
PRATAPOLIS;1459108.92;17835.22;851454.48;2328398.62
PRATINHA;1471878.65;18023.12;426517.79;1916419.56
PRESIDENTE BERNARDES;826158.26;10089.52;215037.49;1051285.27
PRESIDENTE JUSCELINO;804520.8;9850.97;149974.42;964346.19
PRESIDENTE KUBITSCHEK;631817.98;7708.01;106632.66;746158.65
PRESIDENTE OLEGARIO;5120930.97;62433.55;1605107.93;6788472.45
PRUDENTE DE MORAIS;1503952.67;18299.69;579757.54;2102009.9
QUARTEL GERAL;968229.48;11793.74;177565.97;1157589.19
QUELUZITO;646327.61;7878.6;130004.83;784211.04
RAPOSOS;1731934.96;20648.72;1060583.94;2813167.62
RAUL SOARES;1923871;23435.97;1623919.54;3571226.51
RECREIO;1070536.2;13032.49;573548.27;1657116.96
REDUTO;887494.42;10818.08;349502.86;1247815.36
RESENDE COSTA;1535424.71;18709.17;1165580.48;2719714.36
RESPLENDOR;1708161.9;20772.53;1206791.44;2935725.87
RESSAQUINHA;1220140.56;14861.88;354310.42;1589312.86
RIACHINHO;1321595.53;16123.75;248303.57;1586022.85
RIACHO DOS MACHADOS;1391278.14;16867.3;300014.43;1708159.87
RIBEIRAO DAS NEVES;22362326.49;272209.1;13701668.65;36336204.24
RIBEIRAO VERMELHO;783942.23;9466.1;261654.62;1055062.95
RIO ACIMA;8099942.21;98100.11;732866.57;8930908.89
RIO CASCA;1594510.19;19419.25;966341.11;2580270.55
RIO DO PRADO;689139.76;8373.12;131075.67;828588.55
RIO DOCE;892139.65;10683.94;168000.65;1070824.24
RIO ESPERA;619689.8;7556.78;286436.99;913683.57
RIO MANSO;873789.21;10594.57;501654.46;1386038.24
RIO NOVO;980226.51;11938.34;612485.68;1604650.53
RIO PARANAIBA;7191502.03;87648.86;1788322.22;9067473.11
RIO PARDO DE MINAS;2043965.7;24929.57;911696.51;2980591.78
RIO PIRACICABA;3525290.8;42855.99;1124049.68;4692196.47
RIO POMBA;2155460.06;26288.26;1848150.5;4029898.82
RIO PRETO;828604.77;10092.77;566042.37;1404739.91
RIO VERMELHO;1041145.69;12649.45;453845.96;1507641.1
RITAPOLIS;638067.06;7723.06;298498.82;944288.94
ROCHEDO DE MINAS;634638.81;7758.88;118236.65;760634.34
RODEIRO;2111836.4;25802;968144.95;3105783.35
ROMARIA;2115770.34;25801.9;256666.95;2398239.19
ROSARIO DA LIMEIRA;883647.37;10730.15;344452.5;1238830.02
RUBELITA;863560.95;10568.18;116359.5;990488.63
RUBIM;1011121;12281.78;276906.87;1300309.65
SABARA;15217137.78;185191.67;8976412.24;24378741.69
SABINOPOLIS;1462439.29;17797.64;722239.53;2202476.46
SACRAMENTO;15101958.4;182774.31;3449989.63;18734722.34
SALINAS;2896905.61;35218.38;2770849.89;5702973.88
SALTO DA DIVISA;1360630.34;16635.94;91352.85;1468619.13
SANTA BARBARA;7973651.05;97209.2;2780628.86;10851489.11
SANTA BARBARA DO LESTE;976960.47;11948.68;536371.55;1525280.7
SANTA BARBARA DO MONTE VERDE;742261.13;9032.22;181687.69;932981.04
SANTA BARBARA DO TUGURIO;723621.2;8840.67;308544.88;1041006.75
SANTA CRUZ DE MINAS;1098894.68;13388.48;482023.55;1594306.71
SANTA CRUZ DE SALINAS;651496.53;7957.57;101103.13;760557.23
SANTA CRUZ DO ESCALVADO;933361.69;11286.05;257392.74;1202040.48
SANTA EFIGENIA DE MINAS;721343.17;8799.13;218335.46;948477.76
SANTA FE DE MINAS;968992.55;11890.97;61744.92;1042628.44
SANTA HELENA DE MINAS;744738.46;9075.11;171367.85;925181.42
SANTA JULIANA;6778777.73;82569.52;2061234.76;8922582.01
SANTA LUZIA;22333290.51;271898.95;14062513.36;36667702.82
SANTA MARGARIDA;1375009.29;16806.73;1054860.07;2446676.09
SANTA MARIA DE ITABIRA;1317779.74;16071.51;696784.65;2030635.9
SANTA MARIA DO SALTO;591209.03;7128.11;95078.26;693415.4
SANTA MARIA DO SUACUI;1086757.48;13210.12;565452.74;1665420.34
SANTA RITA DE CALDAS;1739571.41;21171.39;1027094.18;2787836.98
SANTA RITA DE JACUTINGA;997757.79;12120.37;343129.84;1353008
SANTA RITA DE MINAS;933213.5;11396.7;380523.02;1325133.22
SANTA RITA DO IBITIPOCA;742925.9;8951.76;151123.63;903001.29
SANTA RITA DO ITUETO;920676.13;11231.21;383200;1315107.34
SANTA RITA DO SAPUCAI;7504715.08;91323.06;4528268.82;12124306.96
SANTA ROSA DA SERRA;936336.47;11300.12;277346.61;1224983.2
SANTA VITORIA;23183378.08;283328.04;2044982.24;25511688.36
SANTANA DA VARGEM;1699492.64;20673.23;603022.26;2323188.13
SANTANA DE CATAGUASES;750438.93;9148.7;224829.93;984417.56
SANTANA DE PIRAPAMA;1100829.91;13394.96;286846.44;1401071.31
SANTANA DO DESERTO;752912.67;9202.36;211837.8;973952.83
SANTANA DO GARAMBEU;642691.32;7821.61;117734.7;768247.63
SANTANA DO JACARE;1045794.01;12803.62;336815.11;1395412.74
SANTANA DO MANHUACU;1441343.17;17627.95;664714.53;2123685.65
SANTANA DO PARAISO;3319304.04;40466;1900135.24;5259905.28
SANTANA DO RIACHO;1099443.18;13381;280683.63;1393507.81
SANTANA DOS MONTES;708127.52;8662.78;148651.26;865441.56
SANTO ANTONIO DO AMPARO;1950466.28;23746.03;1134896.43;3109108.74
SANTO ANTONIO DO AVENTUREIRO;685196.24;8361.01;252328.16;945885.41
SANTO ANTONIO DO GRAMA;806118.04;9701.04;217394.1;1033213.18
SANTO ANTONIO DO ITAMBE;910528.66;11086.83;106001.38;1027616.87
SANTO ANTONIO DO JACINTO;856923.05;10424.12;398127.89;1265475.06
SANTO ANTONIO DO MONTE;2934447.72;35709.51;3655002.45;6625159.68
SANTO ANTONIO DO RETIRO;867618.66;10569.44;194329.17;1072517.27
SANTO ANTONIO DO RIO ABAIXO;458883.31;5599.82;63041.33;527524.46
SANTO HIPOLITO;564432.74;6916.17;84737.08;656085.99
SANTOS DUMONT;4670008.49;57109.8;3066889.5;7794007.79
SAO BENTO ABADE;917819.99;11193.74;240054.5;1169068.23
SAO BRAS DO SUACUI;744215.9;9073.18;360041.36;1113330.44
SAO DOMINGOS DAS DORES;927188.41;11322.72;389664.83;1328175.96
SAO DOMINGOS DO PRATA;1722916.13;20947.67;1210624.24;2954488.04
SAO FELIX DE MINAS;566075.18;6833.88;172411.04;745320.1
SAO FRANCISCO;3478732.54;42446.16;1662781.62;5183960.32
SAO FRANCISCO DE PAULA;1154129.46;14092.39;450359.23;1618581.08
SAO FRANCISCO DE SALES;2557723.21;31074.39;597864.55;3186662.15
SAO FRANCISCO DO GLORIA;809276.16;9856.42;330568.23;1149700.81
SAO GERALDO;1456423.48;17711.38;642469.32;2116604.18
SAO GERALDO DA PIEDADE;642891.19;7833.38;167228.19;817952.76
SAO GERALDO DO BAIXIO;514943.63;6278.95;109441.97;630664.55
SAO GONCALO DO ABAETE;2488663.76;30288.77;425703.02;2944655.55
SAO GONCALO DO PARA;1962663.35;23925.48;1156469.22;3143058.05
SAO GONCALO DO RIO ABAIXO;37066504.22;451261.84;870648.36;38388414.42
SAO GONCALO DO RIO PRETO;867316.5;10571.24;126179.98;1004067.72
SAO GONCALO DO SAPUCAI;3819518.81;46463.42;2343446.59;6209428.82
SAO GOTARDO;5368577.06;65430.08;6660620.75;12094627.89
SAO JOAO BATISTA DO GLORIA;4284824.74;51824.08;731320.69;5067969.51
SAO JOAO DA LAGOA;810225.6;9899.99;130632.91;950758.5
SAO JOAO DA MATA;684508.79;8381.87;292449.84;985340.5
SAO JOAO DA PONTE;1993958.13;24396.36;571768.93;2590123.42
SAO JOAO DAS MISSOES;1391192.22;16941.98;175475.37;1583609.57
SAO JOAO DEL REI;9164188.66;111517.09;10326820.41;19602526.16
SAO JOAO DO MANHUACU;1268504.03;15440.23;829306.91;2113251.17
SAO JOAO DO MANTENINHA;735190.59;8958.22;310061.6;1054210.41
SAO JOAO DO ORIENTE;975843.95;11882.83;464622.11;1452348.89
SAO JOAO DO PACUI;645101.71;7867.27;63602.14;716571.12
SAO JOAO DO PARAISO;1685304.98;20587.4;965766.68;2671659.06
SAO JOAO EVANGELISTA;1421560.37;17259.17;994132.29;2432951.83
SAO JOAO NEPOMUCENO;2266142.73;27492.5;2122313.82;4415949.05
SAO JOAQUIM DE BICAS;4512793.53;54766.67;2370148.91;6937709.11
SAO JOSE DA BARRA;4039782.11;48874.2;754625.74;4843282.05
SAO JOSE DA LAPA;3783535.77;46129.98;3600565.98;7430231.73
SAO JOSE DA SAFIRA;615068.03;7500.55;100062.09;722630.67
SAO JOSE DA VARGINHA;1482217.8;17985.81;223097.96;1723301.57
SAO JOSE DO ALEGRE;687620.72;8359.66;309032.9;1005013.28
SAO JOSE DO DIVINO;604974.33;7357.36;177737.47;790069.16
SAO JOSE DO GOIABAL;676630.75;8199.08;291336.25;976166.08
SAO JOSE DO JACURI;789316.02;9600.38;244177.21;1043093.61
SAO JOSE DO MANTIMENTO;564540.05;6926.58;176037.06;747503.69
SAO LOURENCO;4107701.23;49949.6;5979113.74;10136764.57
SAO MIGUEL DO ANTA;1048335.37;12765.88;322593.69;1383694.94
SAO PEDRO DA UNIAO;1330554.53;16259.53;580157.51;1926971.57
SAO PEDRO DO SUACUI;718928.08;8709.68;207987.04;935624.8
SAO PEDRO DOS FERROS;1060606.83;12842.57;376323.46;1449772.86
SAO ROMAO;1682371.9;20472.86;324060.88;2026905.64
SAO ROQUE DE MINAS;2601985.64;31758.38;1109633.6;3743377.62
SAO SEBASTIAO DA BELA VISTA;3394650.73;41405.13;445657.09;3881712.95
SAO SEBASTIAO DA VARGEM ALEGRE;835053.38;10166.01;259114.94;1104334.33
SAO SEBASTIAO DO ANTA;891809.47;10886.59;317273.45;1219969.51
SAO SEBASTIAO DO MARANHAO;694725.85;8396.67;224017.03;927139.55
SAO SEBASTIAO DO OESTE;2860231.3;34532.96;459291.8;3354056.06
SAO SEBASTIAO DO PARAISO;8915827.3;108411.97;9375455.82;18399695.09
SAO SEBASTIAO DO RIO PRETO;464711.69;5641.01;53536.86;523889.56
SAO SEBASTIAO DO RIO VERDE;687759.46;8464.55;180162.05;876386.06
SAO TIAGO;1484114.06;18052.44;850485.96;2352652.46
SAO TOMAS DE AQUINO;1974584.26;24157.6;619427.66;2618169.52
SAO TOME DAS LETRAS;1046000.59;12711.96;294162.49;1352875.04
SAO VICENTE DE MINAS;1510209.79;18333.08;537860.73;2066403.6
SAPUCAI-MIRIM;1066357.57;12987.23;498088.13;1577432.93
SARDOA;781364.86;9488.12;352457.74;1143310.72
SARZEDO;8280290.54;100864.99;3919599.59;12300755.12
SEM-PEIXE;627925.89;7705.11;109428.51;745059.51
SENADOR AMARAL;1254547.87;15228.38;724948.38;1994724.63
SENADOR CORTES;674130.67;8253.91;137002.84;819387.42
SENADOR FIRMINO;1020480.76;12386.31;725207.01;1758074.08
SENADOR JOSE BENTO;560796.85;6862.22;89682.27;657341.34
SENADOR MODESTINO GONCALVES;741193.05;9028.11;150721.68;900942.84
SENHORA DE OLIVEIRA;899486.63;10990.14;401804.09;1312280.86
SENHORA DO PORTO;608414.47;7420.06;126874.21;742708.74
SENHORA DOS REMEDIOS;810933.6;9847.54;576518.38;1397299.52
SERICITA;856803.89;10422.95;549602.1;1416828.94
SERITINGA;668937.38;8141.71;144997.1;822076.19
SERRA AZUL DE MINAS;650517.82;7956.24;128480.24;786954.3
SERRA DA SAUDADE;789339.35;9646.1;80603.51;879588.96
SERRA DO SALITRE;5594940.05;68428.12;1099580.47;6762948.64
SERRA DOS AIMORES;907152.93;11044.92;225233.53;1143431.38
SERRANIA;1278782.13;15575.01;490635.26;1784992.4
SERRANOPOLIS DE MINAS;1046770.05;12796.66;123706.66;1183273.37
SERRANOS;637048.64;7781.26;128757.38;773587.28
SERRO;1793515.55;21865.47;1070034.89;2885415.91
SETE LAGOAS;52743598.13;641840.35;26916808.86;80302247.34
SETUBINHA;963900.37;11768.48;148021.82;1123690.67
SILVEIRANIA;593906.81;7289.63;139345.83;740542.27
SILVIANOPOLIS;1129609.6;13816.37;531004.35;1674430.32
SIMAO PEREIRA;805961.59;9785.28;544421.83;1360168.7
SIMONESIA;1902836.15;23264.34;1375256.28;3301356.77
SOBRALIA;803934.24;9858.51;274347.8;1088140.55
SOLEDADE DE MINAS;818744.34;9962.26;337384.53;1166091.13
TABULEIRO;750245.66;9122.23;257489.86;1016857.75
TAIOBEIRAS;2371186.91;28777.92;3059185.15;5459149.98
TAPARUBA;634317.98;7706.32;166971.68;808995.98
TAPIRA;5039215.64;60910.03;516256.37;5616382.04
TAPIRAI;723164.99;8882.46;99751.4;831798.85
TAQUARACU DE MINAS;769732.53;9395.98;204006.95;983135.46
TARUMIRIM;1167153.76;14186.87;906286.29;2087626.92
TEIXEIRAS;1195769.49;14514.81;929043.56;2139327.86
TEOFILO OTONI;9412488.62;114442.71;11310914.14;20837845.47
TIMOTEO;19206713.14;233890.88;8083770.41;27524374.43
TIRADENTES;1386401.99;16878.94;978913.71;2382194.64
TIROS;2592575.18;31372.05;1210661.96;3834609.19
TOCANTINS;1795526.7;21876.52;1537558.94;3354962.16
TOCOS DO MOJI;758476.05;9236.84;440615.12;1208328.01
TOLEDO;878761.04;10717.88;583600.71;1473079.63
TOMBOS;1094999.24;13325.59;668288.3;1776613.13
TRES CORACOES;12458171.43;151689.62;6841910.4;19451771.45
TRES MARIAS;13223931.95;161432.65;2645366.44;16030731.04
TRES PONTAS;8058565.2;98393.9;6026059.11;14183018.21
TUMIRITINGA;784152.55;9510.35;142043.19;935706.09
TUPACIGUARA;6359470.43;77506.88;3335556.65;9772533.96
TURMALINA;2447732.14;29895.07;1490391.26;3968018.47
TURVOLANDIA;1162183.21;14163.04;474525.85;1650872.1
UBA;12239303.2;149151.83;12095010.69;24483465.72
UBAI;972569.99;11844.37;264562.18;1248976.54
UBAPORANGA;1157175.85;14093.55;763386.65;1934656.05
UBERABA;86455467.38;1056127.93;48711240.84;136222836.2
UBERLANDIA;182452995.9;2224820.15;111986133.8;296663949.9
UMBURATIBA;649935.93;7962.64;70397.31;728295.88
UNAI;22321808.12;272023.87;10258939.89;32852771.88
UNIAO DE MINAS;1693766.17;20577.85;334061.69;2048405.71
URUANA DE MINAS;962049.12;11621.18;79206.39;1052876.69
URUCANIA;2205628.93;26758.69;701300.17;2933687.79
URUCUIA;1412356.82;17212.31;185636.82;1615205.95
VARGEM ALEGRE;747814.89;9131.58;321958.45;1078904.92
VARGEM BONITA;939561.5;11481.67;154796.36;1105839.53
VARGEM GRANDE DO RIO PARDO;716324.45;8740.31;152954.26;878019.02
VARGINHA;32366898.86;393490.56;18626631.39;51387020.81
VARJAO DE MINAS;1859408.15;22649.01;522746.82;2404803.98
VARZEA DA PALMA;4565655.92;55614.21;2108169.61;6729439.74
VARZELANDIA;1303024.46;15864.59;465798.85;1784687.9
VAZANTE;5145246.16;62725.95;2713150.96;7921123.07
VERDELANDIA;1242584.05;15165.4;145294.17;1403043.62
VEREDINHA;896951.99;10853.59;300463.71;1208269.29
VERISSIMO;1591756.23;19369.08;122214.19;1733339.5
VERMELHO NOVO;728838.13;8887.34;308333.13;1046058.6
VESPASIANO;12760535.75;154976.73;8201686.35;21117198.83
VICOSA;6867254.22;83612.57;9248062.7;16198929.49
VIEIRAS;713755.35;8747.43;267902.37;990405.15
VIRGEM DA LAPA;1018985.49;12416.54;521930.46;1553332.49
VIRGINIA;997861.06;12142.75;768291.21;1778295.02
VIRGINOPOLIS;1195896.57;14512.36;797974.88;2008383.81
VIRGOLANDIA;665968.41;8094.63;162416.99;836480.03
VISCONDE DO RIO BRANCO;6117181.78;74091.41;4251253.65;10442526.84
VOLTA GRANDE;1355715.43;16495.04;278975.64;1651186.11
WENCESLAU BRAZ;530103.64;6509.61;126579.65;663192.9
